,date,series,open,high,low,prev_close,ltp,close,vwap ,hi_52_wk,lo_52_wk,trdqty,trdval,trades
0,2023-12-29,EQ,645.5,649.6,639.55,651.4,641.7,642.05,642.49,660.4,499.35,13221898,8494932618.15,332467
1,2023-12-28,EQ,650.25,653.3,646.5,648.55,649.3,651.4,650.46,660.4,499.35,16982092,11046112701.5,301058
2,2023-12-27,EQ,640.75,649.45,639.0,638.05,648.65,648.55,645.18,660.4,499.35,14417646,9301972173.2,295473
3,2023-12-26,EQ,638.85,641.3,635.65,636.75,638.5,638.05,639.19,660.4,499.35,10153089,6489768989.95,298625
4,2023-12-22,EQ,644.75,649.4,635.15,643.75,637.2,636.75,642.31,660.4,499.35,14998068,9633365890.05,307210
5,2023-12-21,EQ,632.15,648.95,627.5,636.45,644.0,643.75,639.02,660.4,499.35,19915516,12726451072.85,347188
6,2023-12-20,EQ,658.7,660.4,633.95,655.4,634.55,636.45,647.91,660.4,499.35,22542056,14605196613.65,419233
7,2023-12-19,EQ,648.5,659.6,640.25,648.5,656.0,655.4,652.88,659.6,499.35,19964008,13034125974.85,384049
8,2023-12-18,EQ,646.65,655.65,642.4,648.25,647.6,648.5,650.04,655.65,499.35,16221796,10544832650.95,347590
9,2023-12-15,EQ,628.0,650.0,619.85,623.65,648.3,648.25,638.08,650.0,499.35,29813572,19023430389.9,433979
10,2023-12-14,EQ,626.0,627.75,622.4,619.85,623.65,623.65,624.37,629.55,499.35,15813797,9873663687.1,336921
11,2023-12-13,EQ,614.45,620.5,611.65,612.4,619.0,619.85,616.9,629.55,499.35,13977914,8622977354.1,279821
12,2023-12-12,EQ,617.0,617.95,610.8,614.25,612.05,612.4,613.75,629.55,499.35,14494836,8896194867.15,282774
13,2023-12-11,EQ,615.0,619.9,613.1,614.15,614.2,614.25,615.99,629.55,499.35,11706255,7210878840.8,285158
14,2023-12-08,EQ,610.0,616.8,605.35,611.7,614.5,614.15,610.67,629.55,499.35,17722136,10822316306.2,294891
15,2023-12-07,EQ,610.0,612.55,605.0,608.45,611.5,611.7,609.73,629.55,499.35,10725706,6539746289.5,248309
16,2023-12-06,EQ,614.0,614.0,604.55,608.25,607.7,608.45,609.96,629.55,499.35,21439069,13076949822.2,273409
17,2023-12-05,EQ,595.05,611.3,595.05,594.7,608.25,608.25,606.37,629.55,499.35,36430152,22090196336.45,432396
18,2023-12-04,EQ,588.0,596.0,584.55,571.75,595.9,594.7,590.28,629.55,499.35,26077882,15393175008.05,386859
19,2023-12-01,EQ,567.0,574.2,566.55,564.75,571.85,571.75,571.83,629.55,499.35,10614230,6069542121.05,189868
20,2023-11-30,EQ,569.75,570.2,563.65,568.6,565.15,564.75,566.22,629.55,499.35,19758998,11187929536.5,314822
21,2023-11-29,EQ,568.0,569.0,565.1,564.45,568.35,568.6,567.58,629.55,499.35,10299034,5845506569.15,206929
22,2023-11-28,EQ,563.6,565.2,561.1,560.35,564.8,564.45,563.42,629.55,499.35,8153314,4593727819.7,186090
23,2023-11-24,EQ,561.95,562.45,559.25,559.95,560.7,560.35,560.63,629.55,499.35,6529851,3660804948.55,155259
24,2023-11-23,EQ,561.75,563.5,558.3,558.95,560.5,559.95,560.72,629.55,499.35,6376210,3575282774.35,198344
25,2023-11-22,EQ,562.95,564.5,555.15,561.5,559.5,558.95,559.0,629.55,499.35,14909071,8334245035.5,247815
26,2023-11-21,EQ,566.0,566.65,561.0,563.75,561.4,561.5,563.11,629.55,499.35,14280013,8041232058.75,223495
27,2023-11-20,EQ,564.0,566.8,560.6,563.05,563.5,563.75,564.68,629.55,499.35,12714585,7179613743.45,264832
28,2023-11-17,EQ,574.5,574.5,562.1,584.65,562.9,563.05,566.16,629.55,499.35,37173221,21045979976.3,682644
29,2023-11-16,EQ,584.7,588.0,582.9,584.7,584.1,584.65,585.4,629.55,499.35,8622660,5047671165.75,179964
30,2023-11-15,EQ,587.25,588.0,582.6,581.35,584.0,584.7,584.93,629.55,499.35,11397676,6666856921.25,221182
31,2023-11-13,EQ,581.0,582.5,575.2,581.3,581.3,581.35,578.71,629.55,499.35,11282362,6529178380.05,177978
32,2023-11-12,EQ,584.75,584.75,580.1,579.5,580.85,581.3,581.85,629.55,499.35,1947722,1133273076.55,53935
33,2023-11-10,EQ,577.8,581.0,575.4,578.35,580.25,579.5,578.7,629.55,499.35,6773038,3919567928.9,119792
34,2023-11-09,EQ,581.0,581.85,576.5,580.3,577.6,578.35,578.27,629.55,499.35,12434363,7190409015.15,167584
35,2023-11-08,EQ,581.9,582.6,579.0,579.75,580.4,580.3,580.52,629.55,499.35,15434808,8960148835.65,391419
36,2023-11-07,EQ,574.8,581.2,572.6,574.35,580.35,579.75,577.36,629.55,499.35,17923281,10348172706.1,466280
37,2023-11-06,EQ,582.0,582.5,573.25,578.15,573.95,574.35,575.7,629.55,499.35,16499138,9498482029.95,330138
38,2023-11-03,EQ,576.0,579.5,573.45,572.1,579.15,578.15,577.35,629.55,499.35,11371371,6565279355.45,205720
39,2023-11-02,EQ,571.1,575.45,567.6,566.4,572.0,572.1,571.18,629.55,499.35,11148516,6367849377.0,212716
40,2023-11-01,EQ,566.25,569.65,563.85,565.55,567.3,566.4,567.16,629.55,499.35,13575575,7699515897.65,240220
41,2023-10-31,EQ,567.0,569.5,563.15,565.2,565.95,565.55,566.37,629.55,499.35,13039696,7385312631.25,236664
42,2023-10-30,EQ,563.0,566.7,556.5,561.15,566.2,565.2,562.29,629.55,499.35,8593704,4832188898.35,191150
43,2023-10-27,EQ,550.0,562.5,550.0,547.0,561.7,561.15,558.49,629.55,499.35,10415296,5816877868.95,210599
44,2023-10-26,EQ,551.45,552.9,543.2,556.2,547.0,547.0,547.27,629.55,499.35,19424825,10630651336.6,317445
45,2023-10-25,EQ,558.6,560.8,553.6,552.95,556.6,556.2,557.67,629.55,499.35,12134624,6767161161.25,262171
46,2023-10-23,EQ,563.1,566.0,551.0,563.1,552.4,552.95,559.35,629.55,499.35,11875035,6642319960.75,263251
47,2023-10-20,EQ,569.9,570.0,562.1,571.2,562.8,563.1,565.15,629.55,499.35,11110988,6279375187.5,282726
48,2023-10-19,EQ,569.8,574.0,567.0,572.65,571.3,571.2,570.92,629.55,499.35,11441499,6532150778.6,239777
49,2023-10-18,EQ,577.75,579.25,569.35,576.45,572.75,572.65,573.26,629.55,499.35,11777454,6751531244.1,270057
50,2023-10-17,EQ,577.7,579.95,575.3,575.65,576.7,576.45,577.46,629.55,499.35,10765224,6216466935.7,269728
51,2023-10-16,EQ,576.0,578.75,571.5,576.15,575.5,575.65,576.02,629.55,499.35,11290293,6503388837.6,485503
52,2023-10-13,EQ,577.75,581.3,574.8,586.05,576.2,576.15,577.07,629.55,499.35,19064577,11001625403.05,465129
53,2023-10-12,EQ,590.8,593.0,585.0,588.35,585.6,586.05,588.33,629.55,499.35,11983797,7050377951.75,171954
54,2023-10-11,EQ,596.9,597.0,587.6,591.65,588.9,588.35,591.39,629.55,499.35,14220119,8409571970.95,209131
55,2023-10-10,EQ,587.0,595.0,585.75,585.1,591.2,591.65,590.68,629.55,499.35,10373508,6127406833.2,250192
56,2023-10-09,EQ,588.0,589.0,581.55,594.25,584.55,585.1,584.53,629.55,499.35,9189597,5371608921.2,235554
57,2023-10-06,EQ,593.4,598.95,592.2,592.15,594.0,594.25,595.04,629.55,499.35,8216780,4889295417.95,187684
58,2023-10-05,EQ,590.0,594.35,587.1,586.25,592.0,592.15,591.18,629.55,499.35,13248028,7832000311.45,209600
59,2023-10-04,EQ,600.0,600.45,584.45,602.95,585.2,586.25,590.41,629.55,499.35,24914612,14709773963.6,308578
60,2023-10-03,EQ,596.6,604.9,589.6,598.55,603.1,602.95,597.63,629.55,499.35,15322196,9156985818.05,245784
61,2023-09-29,EQ,592.85,600.0,591.3,589.95,598.3,598.55,597.22,629.55,499.35,12189735,7279947317.4,224164
62,2023-09-28,EQ,591.25,595.2,588.85,589.75,590.5,589.95,591.37,629.55,499.35,21960816,12986961371.85,287488
63,2023-09-27,EQ,593.45,594.3,588.2,594.4,590.0,589.75,590.74,629.55,499.35,9865347,5827826886.25,232626
64,2023-09-26,EQ,594.0,595.0,591.25,594.05,594.45,594.4,593.8,629.55,499.35,8327427,4944809375.45,185873
65,2023-09-25,EQ,601.5,601.5,590.45,598.15,593.95,594.05,594.79,629.55,499.35,9712784,5777109828.2,262285
66,2023-09-22,EQ,593.5,602.0,591.4,588.15,598.7,598.15,598.12,629.55,499.35,18784139,11235213845.05,295166
67,2023-09-21,EQ,600.0,606.6,584.65,601.1,587.9,588.15,593.29,629.55,499.35,23453425,13914625160.45,425490
68,2023-09-20,EQ,600.85,606.8,599.4,603.95,601.0,601.1,602.78,629.55,499.35,21314600,12848060287.55,351772
69,2023-09-18,EQ,598.8,608.4,597.05,598.8,603.0,603.95,605.18,629.55,499.35,19305055,11683085228.8,336027
70,2023-09-15,EQ,599.35,600.7,595.2,597.3,598.05,598.8,598.23,629.55,499.35,11756389,7033062065.15,182595
71,2023-09-14,EQ,598.45,603.7,595.2,596.45,596.6,597.3,598.77,629.55,499.35,13178911,7891138917.75,260528
72,2023-09-13,EQ,588.4,598.0,583.45,588.35,596.35,596.45,592.24,629.55,499.35,19377172,11475963581.8,279643
73,2023-09-12,EQ,593.65,594.25,584.65,591.7,587.6,588.35,588.44,629.55,499.35,16093060,9469853287.9,254109
74,2023-09-11,EQ,587.0,592.3,585.35,583.45,591.25,591.7,590.12,629.55,499.35,10946134,6459550843.3,271751
75,2023-09-08,EQ,581.0,588.5,579.7,579.05,583.4,583.45,584.57,629.55,499.35,14032068,8202779359.95,205241
76,2023-09-07,EQ,568.0,581.0,568.0,570.5,580.6,579.05,575.6,629.55,499.35,12390597,7132078107.95,180550
77,2023-09-06,EQ,574.25,574.25,568.0,573.0,570.95,570.5,570.55,629.55,499.35,20609936,11759100652.1,337013
78,2023-09-05,EQ,575.6,578.25,571.35,575.55,572.95,573.0,574.05,629.55,499.35,14444729,8292019922.2,247672
79,2023-09-04,EQ,572.0,576.35,568.45,569.55,575.6,575.55,572.87,629.55,499.35,12108655,6936698350.4,195524
80,2023-09-01,EQ,562.7,571.2,562.1,561.35,569.5,569.55,567.55,629.55,499.35,18121168,10284701912.55,260408
81,2023-08-31,EQ,569.3,570.3,559.4,567.4,562.15,561.35,564.43,629.55,499.35,27898476,15746686711.25,326854
82,2023-08-30,EQ,576.7,577.7,566.1,574.85,567.5,567.4,571.91,629.55,499.35,15281416,8739616795.9,245036
83,2023-08-29,EQ,573.65,576.3,571.85,572.85,575.25,574.85,574.01,629.55,499.35,13144855,7545323890.4,232951
84,2023-08-28,EQ,572.8,574.8,569.2,569.95,573.1,572.85,571.84,629.55,499.35,9711932,5553705392.9,181649
85,2023-08-25,EQ,573.8,575.3,567.2,576.95,569.7,569.95,571.2,629.55,499.35,12271885,7009692537.0,198589
86,2023-08-24,EQ,578.15,582.0,575.55,576.9,577.0,576.95,578.0,629.55,499.35,24131644,13948078521.65,321952
87,2023-08-23,EQ,571.0,577.95,566.0,568.5,576.3,576.9,572.66,629.55,499.35,18579297,10639620981.45,260827
88,2023-08-22,EQ,572.5,574.45,567.5,571.7,568.2,568.5,570.63,629.55,499.35,14073413,8030760756.35,194890
89,2023-08-21,EQ,572.95,575.55,570.75,572.95,571.3,571.7,572.74,629.55,499.35,9380810,5372733325.4,154325
90,2023-08-18,EQ,570.0,575.25,567.4,572.15,571.15,572.95,571.79,629.55,499.35,18253227,10437030633.7,296911
91,2023-08-17,EQ,565.75,573.15,564.0,565.35,571.75,572.15,568.81,629.55,499.35,27910162,15875489835.2,338178
92,2023-08-16,EQ,558.8,566.4,554.0,560.8,565.05,565.35,563.54,629.55,499.35,15725767,8862034153.75,190829
93,2023-08-14,EQ,572.95,573.0,558.6,574.15,561.0,560.8,561.45,629.55,499.35,28084093,15767694753.0,478707
94,2023-08-11,EQ,575.45,579.0,572.0,573.65,574.5,574.15,575.36,629.55,499.35,18221179,10483783178.0,263372
95,2023-08-10,EQ,573.75,577.6,570.1,573.75,574.0,573.65,573.33,629.55,499.35,27325801,15666566522.25,421225
96,2023-08-09,EQ,575.0,575.0,568.35,573.1,573.65,573.75,571.15,629.55,499.35,15769111,9006504554.1,247711
97,2023-08-08,EQ,571.0,574.25,568.45,567.9,573.7,573.1,571.54,629.55,499.35,25038671,14310553091.45,353947
98,2023-08-07,EQ,577.0,577.0,566.65,573.3,568.35,567.9,569.52,629.55,499.35,32736325,18643967967.55,424649
99,2023-08-04,EQ,594.8,598.7,571.4,590.5,573.2,573.3,582.94,629.55,499.35,52725616,30735973949.65,568761
100,2023-08-03,EQ,598.7,600.85,585.0,598.45,591.25,590.5,590.78,629.55,499.35,27774877,16408864220.8,320867
101,2023-08-02,EQ,609.85,610.5,594.1,611.85,598.8,598.45,601.63,629.55,499.35,14977497,9010947970.4,273820
102,2023-08-01,EQ,620.2,620.85,610.6,620.2,612.4,611.85,614.09,629.55,499.35,13493453,8286225481.95,199918
103,2023-07-31,EQ,616.65,621.0,614.5,616.05,619.0,620.2,618.92,629.55,499.35,8605483,5326128162.15,124305
104,2023-07-28,EQ,616.4,619.9,613.6,616.55,616.0,616.05,616.59,629.55,499.35,11930586,7356236982.1,161432
105,2023-07-27,EQ,616.4,621.25,613.1,615.15,617.0,616.55,616.65,629.55,499.35,17444742,10757320781.55,226610
106,2023-07-26,EQ,612.0,616.35,609.15,609.6,614.4,615.15,613.49,629.55,499.35,9999125,6134401476.75,172572
107,2023-07-25,EQ,621.8,621.8,604.2,617.65,609.9,609.6,610.43,629.55,499.35,18503305,11294899424.1,282970
108,2023-07-24,EQ,615.05,621.9,614.3,615.1,617.9,617.65,618.22,629.55,499.35,11756364,7268033560.6,202347
109,2023-07-21,EQ,610.0,619.5,609.0,610.05,615.35,615.1,616.02,629.55,482.1,21040281,12961208006.4,278392
110,2023-07-20,EQ,601.4,610.8,598.75,601.45,610.0,610.05,607.09,629.55,482.1,34038351,20664179322.85,418329
111,2023-07-19,EQ,594.65,602.4,592.0,592.35,600.85,601.45,598.2,629.55,482.1,17556585,10502435041.0,229380
112,2023-07-18,EQ,603.05,604.05,588.75,601.1,592.5,592.35,597.04,629.55,482.1,25757209,15378020448.05,356474
113,2023-07-17,EQ,587.0,602.85,584.2,584.4,602.0,601.1,594.72,629.55,482.1,19378986,11525151182.85,255411
114,2023-07-14,EQ,586.75,591.3,580.7,585.65,584.85,584.4,584.92,629.55,474.7,12190152,7130226704.3,191652
115,2023-07-13,EQ,594.9,598.0,583.35,589.25,586.0,585.65,591.82,629.55,474.7,20024503,11850804940.95,292405
116,2023-07-12,EQ,589.0,594.5,588.2,588.55,589.6,589.25,590.82,629.55,474.7,16029716,9470654030.5,227576
117,2023-07-11,EQ,595.0,595.95,587.35,592.6,589.35,588.55,591.37,629.55,474.7,13221177,7818663062.75,224137
118,2023-07-10,EQ,594.65,599.8,590.25,593.6,591.6,592.6,595.13,629.55,474.7,11417363,6794859601.0,175959
119,2023-07-07,EQ,590.0,595.5,585.5,592.5,592.5,593.6,590.44,629.55,466.85,11707209,6912413770.85,220036
120,2023-07-06,EQ,590.4,593.5,589.1,590.6,592.25,592.5,591.75,629.55,466.85,11323509,6700679504.1,188528
121,2023-07-05,EQ,589.8,593.7,588.2,589.25,591.25,590.6,590.5,629.55,466.85,13598114,8029706202.95,271617
122,2023-07-04,EQ,588.2,595.95,582.25,585.45,588.9,589.25,590.37,629.55,466.85,24799250,14640854129.2,350400
123,2023-07-03,EQ,574.5,586.35,573.9,572.85,585.4,585.45,581.26,629.55,466.85,15421985,8964144325.9,211446
124,2023-06-30,EQ,574.0,574.0,570.2,569.8,572.35,572.85,572.3,629.55,458.0,8718232,4989442645.4,155913
125,2023-06-28,EQ,572.25,574.0,568.55,566.1,571.0,569.8,571.17,629.55,458.0,18028934,10297658917.65,243601
126,2023-06-27,EQ,558.25,567.95,555.65,557.05,567.3,566.1,560.63,629.55,458.0,10694768,5995785528.2,211284
127,2023-06-26,EQ,556.0,558.5,554.5,554.6,557.35,557.05,556.75,629.55,458.0,8360264,4654618050.3,164198
128,2023-06-23,EQ,562.0,562.1,553.8,562.95,555.45,554.6,556.89,629.55,430.7,12215712,6802803838.55,218058
129,2023-06-22,EQ,566.35,569.0,561.05,566.35,562.9,562.95,564.62,629.55,430.7,14979063,8457457302.25,199200
130,2023-06-21,EQ,567.4,569.5,565.65,567.4,566.3,566.35,567.46,629.55,430.7,14946871,8481784144.45,219147
131,2023-06-20,EQ,568.85,569.45,562.55,568.85,568.0,567.4,565.75,629.55,430.7,14549152,8231166324.45,216416
132,2023-06-19,EQ,571.25,572.75,565.9,571.25,569.2,568.85,568.29,629.55,430.7,17903691,10174491934.45,213062
133,2023-06-16,EQ,568.75,574.7,567.05,566.5,570.0,571.25,570.69,629.55,430.7,12660226,7225083719.5,178755
134,2023-06-15,EQ,576.0,576.7,565.25,576.55,566.75,566.5,571.49,629.55,430.7,17934877,10249589135.9,232221
135,2023-06-14,EQ,577.0,578.55,575.25,576.4,576.35,576.55,576.96,629.55,430.7,8948696,5163047228.7,122388
136,2023-06-13,EQ,579.45,581.4,574.25,578.65,576.35,576.4,576.44,629.55,430.7,12612098,7270079551.55,198530
137,2023-06-12,EQ,580.0,581.5,577.7,578.7,578.55,578.65,579.37,629.55,430.7,8786066,5090356083.85,129364
138,2023-06-09,EQ,588.0,589.1,576.75,588.5,578.8,578.7,580.81,629.55,430.7,18870272,10960050604.8,253490
139,2023-06-08,EQ,589.95,593.95,586.35,589.2,588.0,588.5,591.21,629.55,430.7,15971917,9442724430.85,140988
140,2023-06-07,EQ,588.0,590.6,586.0,585.35,588.8,589.2,588.49,629.55,430.7,11113781,6540371617.5,170307
141,2023-06-06,EQ,588.0,588.9,583.0,587.2,586.0,585.35,585.23,629.55,430.7,11199940,6554543425.95,140444
142,2023-06-05,EQ,588.5,589.8,586.0,587.2,587.0,587.2,587.86,629.55,430.7,12920507,7595473740.25,143514
143,2023-06-02,EQ,584.7,588.9,583.0,582.75,586.6,587.2,586.45,629.55,430.7,11323908,6640901519.45,157397
144,2023-06-01,EQ,581.8,586.4,581.0,579.85,583.05,582.75,584.03,629.55,430.7,17820226,10407510474.15,170662
145,2023-05-31,EQ,583.8,584.8,577.5,592.8,581.0,579.85,581.09,629.55,430.7,28797643,16733958686.45,209733
146,2023-05-30,EQ,595.0,595.5,591.5,595.0,592.95,592.8,593.57,629.55,430.7,15031640,8922277742.6,156739
147,2023-05-29,EQ,590.0,596.4,588.05,586.0,594.6,595.0,593.5,629.55,430.7,18432231,10939616927.3,323484
148,2023-05-26,EQ,581.25,587.75,580.55,581.25,585.75,586.0,585.13,629.55,430.7,9788076,5727306518.3,117540
149,2023-05-25,EQ,582.0,582.9,577.0,582.7,580.7,581.25,580.06,629.55,430.7,16479436,9559118791.75,151117
150,2023-05-24,EQ,579.8,585.25,578.25,581.6,582.0,582.7,583.06,629.55,430.7,17616658,10271655251.5,158808
151,2023-05-23,EQ,578.9,583.7,576.8,577.15,580.3,581.6,580.66,629.55,430.7,16120548,9360557915.4,154666
152,2023-05-22,EQ,577.5,580.3,573.45,575.15,576.55,577.15,577.12,629.55,430.7,21484049,12398869154.95,205172
153,2023-05-19,EQ,579.0,586.25,569.9,574.2,575.65,575.15,576.07,629.55,430.7,42293962,24364273546.75,351340
154,2023-05-18,EQ,590.3,593.9,571.4,586.3,576.35,574.2,583.0,629.55,430.7,45656620,26617635078.25,403645
155,2023-05-17,EQ,586.0,590.5,579.5,586.3,587.2,586.3,584.82,629.55,430.7,23739774,13883395488.5,251054
156,2023-05-16,EQ,584.0,590.4,582.0,581.9,585.95,586.3,586.03,629.55,430.7,22178229,12997134028.5,233142
157,2023-05-15,EQ,578.75,584.0,574.65,578.15,582.05,581.9,581.35,629.55,430.7,11410243,6633367008.5,176477
158,2023-05-12,EQ,574.7,580.75,571.55,573.45,578.1,578.15,576.81,629.55,430.7,11319335,6529101795.5,148890
159,2023-05-11,EQ,572.2,580.0,572.0,572.2,573.7,573.45,574.59,629.55,430.7,16016715,9203123584.55,183896
160,2023-05-10,EQ,575.0,575.0,563.25,573.5,572.15,572.2,568.87,629.55,430.7,18561315,10559052709.1,223302
161,2023-05-09,EQ,585.0,586.45,572.1,583.6,573.7,573.5,576.83,629.55,430.7,18959065,10936167606.4,247801
162,2023-05-08,EQ,577.65,587.6,577.35,576.5,584.6,583.6,582.04,629.55,430.7,12990869,7561157898.55,159186
163,2023-05-05,EQ,580.2,588.25,575.05,580.0,576.45,576.5,582.81,629.55,430.7,18163461,10585937155.0,182941
164,2023-05-04,EQ,570.2,580.8,568.5,570.5,579.45,580.0,576.93,629.55,430.7,12533761,7231105959.65,155082
165,2023-05-03,EQ,570.65,575.0,569.0,575.3,569.9,570.5,572.27,629.55,430.7,9699527,5550786227.05,151234
166,2023-05-02,EQ,580.0,580.85,573.15,578.3,574.4,575.3,577.47,629.55,430.7,13667511,7892586303.3,272846
167,2023-04-28,EQ,567.8,580.45,565.5,564.75,576.1,578.3,572.14,629.55,430.7,16183423,9259124491.9,172070
168,2023-04-27,EQ,565.0,567.4,561.1,566.35,564.45,564.75,564.04,629.55,430.7,17845169,10065343831.2,213129
169,2023-04-26,EQ,562.0,567.0,556.45,561.8,567.0,566.35,562.67,629.55,430.7,23143882,13022469078.5,195651
170,2023-04-25,EQ,555.0,567.9,555.0,554.6,561.35,561.8,562.34,629.55,430.7,38142390,21448999021.65,250488
171,2023-04-24,EQ,543.8,555.55,543.5,543.15,553.8,554.6,550.47,629.55,430.7,23335611,12845592513.85,210456
172,2023-04-21,EQ,545.0,546.4,539.7,544.8,542.3,543.15,542.35,629.55,430.7,22599418,12256795887.05,188920
173,2023-04-20,EQ,541.2,545.45,536.65,540.3,544.35,544.8,541.56,629.55,430.7,25588577,13857634831.9,146793
174,2023-04-19,EQ,544.0,547.5,538.25,545.85,539.4,540.3,543.32,629.55,430.7,21156372,11494763710.95,142208
175,2023-04-18,EQ,545.35,548.5,540.5,544.0,545.25,545.85,545.32,629.55,430.7,22283456,12151654395.5,218269
176,2023-04-17,EQ,528.0,545.0,528.0,532.95,544.4,544.0,539.11,629.55,430.7,32476990,17508792556.85,229953
177,2023-04-13,EQ,529.3,534.25,527.15,528.2,533.4,532.95,530.4,629.55,430.7,28597560,15168246670.05,168188
178,2023-04-12,EQ,533.2,534.0,526.0,532.1,529.15,528.2,529.65,629.55,430.7,21292441,11277564811.0,170950
179,2023-04-11,EQ,530.85,535.7,527.15,526.3,532.5,532.1,533.07,629.55,430.7,26414406,14080836565.45,176416
180,2023-04-10,EQ,529.25,530.4,524.4,527.65,525.7,526.3,527.28,629.55,430.7,17335453,9140693489.7,138261
181,2023-04-06,EQ,524.0,533.7,521.65,523.0,527.7,527.65,528.66,629.55,430.7,25125879,13282981142.75,232693
182,2023-04-05,EQ,527.0,527.6,519.05,526.75,523.5,523.0,522.57,629.55,430.7,13574801,7093806223.3,174172
183,2023-04-03,EQ,524.75,528.5,522.1,523.75,525.6,526.75,525.94,629.55,430.7,14210949,7474113454.4,137769
184,2023-03-31,EQ,520.65,524.9,519.35,516.5,523.0,523.75,522.06,629.55,430.7,17356345,9061133003.0,210617
185,2023-03-29,EQ,509.0,518.0,506.3,508.1,517.0,516.5,512.21,629.55,430.7,24203789,12397477065.0,216794
186,2023-03-28,EQ,511.45,511.75,503.85,510.15,509.0,508.1,507.96,629.55,430.7,15833599,8042852927.3,199721
187,2023-03-27,EQ,507.0,514.15,501.55,505.35,509.0,510.15,509.28,629.55,430.7,15674218,7982618562.65,224703
188,2023-03-24,EQ,514.5,514.95,503.45,512.75,505.5,505.35,510.24,629.55,430.7,14416984,7356153435.65,194898
189,2023-03-23,EQ,519.4,521.0,511.5,521.55,512.0,512.75,517.21,629.55,430.7,22097792,11429112837.45,261069
190,2023-03-22,EQ,522.2,527.0,520.1,521.85,521.55,521.55,523.63,629.55,430.7,11619538,6084288023.15,155900
191,2023-03-21,EQ,522.0,523.45,516.45,519.2,521.75,521.85,520.33,629.55,430.7,29485180,15341948084.5,295453
192,2023-03-20,EQ,526.6,526.6,515.0,529.8,520.0,519.2,518.98,629.55,430.7,14275315,7408542782.55,251690
193,2023-03-17,EQ,528.65,531.6,520.1,524.5,531.0,529.8,526.55,629.55,430.7,18787379,9892576528.7,185372
194,2023-03-16,EQ,518.4,529.35,514.3,517.55,525.65,524.5,521.02,629.55,430.7,20040008,10441335063.95,290873
195,2023-03-15,EQ,529.8,532.0,515.55,525.4,517.8,517.55,524.47,629.55,430.7,11282329,5917258639.8,252252
196,2023-03-14,EQ,527.65,532.8,520.0,530.0,526.0,525.4,524.87,629.55,430.7,14750800,7742294996.9,262481
197,2023-03-13,EQ,547.0,553.15,528.45,547.35,529.95,530.0,537.53,629.55,430.7,14373729,7726310525.7,211599
198,2023-03-10,EQ,553.1,554.95,545.0,558.9,547.65,547.35,548.4,629.55,425.0,11522371,6318923508.05,223557
199,2023-03-09,EQ,564.75,565.75,558.0,564.8,558.7,558.9,561.63,629.55,425.0,8993423,5050951266.7,129019
200,2023-03-08,EQ,560.0,565.5,556.45,561.7,564.0,564.8,561.23,629.55,425.0,12637578,7092600028.6,163357
201,2023-03-06,EQ,564.9,567.9,559.0,561.2,561.8,561.7,563.48,629.55,425.0,16162268,9107045455.25,199841
202,2023-03-03,EQ,542.0,564.3,541.75,533.75,561.0,561.2,557.8,629.55,425.0,27656538,15426880804.45,301105
203,2023-03-02,EQ,535.95,539.9,532.5,536.7,534.5,533.75,535.45,629.55,425.0,10376913,5556284341.95,150813
204,2023-03-01,EQ,523.25,537.4,523.1,522.8,536.25,536.7,532.39,629.55,425.0,13510198,7192717063.95,247974
205,2023-02-28,EQ,527.25,528.45,521.05,527.7,522.45,522.8,523.97,629.55,425.0,15768010,8262022278.8,138340
206,2023-02-27,EQ,521.1,529.8,519.0,521.05,527.5,527.7,525.49,629.55,425.0,11048799,5805988068.6,175532
207,2023-02-24,EQ,524.2,527.5,517.6,521.0,521.5,521.05,522.25,629.55,425.0,12253035,6399175579.85,174036
208,2023-02-23,EQ,516.95,524.0,511.35,516.35,522.85,521.0,518.82,629.55,425.0,15535085,8059838424.75,209593
209,2023-02-22,EQ,520.75,521.9,512.5,523.45,516.75,516.35,516.6,629.55,425.0,14763050,7626522439.5,279932
210,2023-02-21,EQ,527.1,528.95,522.4,525.15,523.8,523.45,525.46,629.55,425.0,10223218,5371849834.55,201064
211,2023-02-20,EQ,532.0,533.95,522.15,531.0,525.45,525.15,526.99,629.55,425.0,12570032,6624234423.9,207013
212,2023-02-17,EQ,538.5,539.65,527.75,540.1,530.65,531.0,532.32,629.55,425.0,14192008,7554622361.75,220159
213,2023-02-16,EQ,546.85,546.85,538.5,542.25,539.3,540.1,542.25,629.55,425.0,12767016,6922854433.1,219926
214,2023-02-15,EQ,540.0,544.65,536.8,540.85,542.8,542.25,541.31,629.55,425.0,12796579,6926957648.5,207687
215,2023-02-14,EQ,539.95,544.6,530.75,537.5,541.0,540.85,536.92,629.55,425.0,18559909,9965143466.4,221342
216,2023-02-13,EQ,554.0,556.9,533.3,553.05,537.1,537.5,539.69,629.55,425.0,18488732,9978135518.8,248043
217,2023-02-10,EQ,546.5,557.25,546.5,550.8,552.9,553.05,553.81,629.55,425.0,13824475,7656154646.75,179516
218,2023-02-09,EQ,552.0,552.0,542.8,549.75,551.0,550.8,548.33,629.55,425.0,15061047,8258388340.35,147809
219,2023-02-08,EQ,550.0,554.5,545.5,547.1,550.75,549.75,549.76,629.55,425.0,15502847,8522903102.05,244248
220,2023-02-07,EQ,548.0,551.4,541.05,545.4,546.2,547.1,546.83,629.55,425.0,16195947,8856378573.7,343935
221,2023-02-06,EQ,558.8,558.8,536.55,544.2,543.9,545.4,545.24,629.55,425.0,25338586,13815625569.5,266976
222,2023-02-03,EQ,536.0,545.95,519.15,528.1,545.7,544.2,535.23,629.55,425.0,32317232,17297009476.05,444091
223,2023-02-02,EQ,520.2,532.65,502.5,527.35,532.1,528.1,521.91,629.55,425.0,39287056,20504207140.65,471242
224,2023-02-01,EQ,561.4,565.0,499.35,553.5,527.0,527.35,541.41,629.55,425.0,38218810,20692138679.1,498247
225,2023-01-31,EQ,545.0,557.0,537.85,538.2,556.95,553.5,550.83,629.55,425.0,21911943,12069723500.85,284762
226,2023-01-30,EQ,536.0,554.35,525.2,539.95,541.25,538.2,536.97,629.55,425.0,40797825,21907160847.25,590951
227,2023-01-27,EQ,568.0,568.55,532.25,568.7,542.0,539.95,548.08,629.55,425.0,40163464,22012948569.6,501251
228,2023-01-25,EQ,595.85,595.85,567.4,594.35,568.5,568.7,574.28,629.55,425.0,25686294,14751042028.8,441882
229,2023-01-24,EQ,603.5,604.6,593.05,600.45,593.95,594.35,597.94,629.55,425.0,7609623,4550101925.85,143693
230,2023-01-23,EQ,598.5,601.75,592.95,592.2,601.0,600.45,599.43,629.55,425.0,6604469,3958919244.8,122483
231,2023-01-20,EQ,593.8,596.6,590.8,589.85,592.95,592.2,593.93,629.55,425.0,6750607,4009374692.95,114106
232,2023-01-19,EQ,591.0,591.75,587.55,591.45,589.7,589.85,589.57,629.55,425.0,7475688,4407407361.6,159313
233,2023-01-18,EQ,595.9,597.15,587.6,592.95,591.0,591.45,591.61,629.55,425.0,11538075,6826073685.45,187691
234,2023-01-17,EQ,603.0,606.0,586.05,603.0,593.4,592.95,593.93,629.55,425.0,13461999,7995508779.4,179000
235,2023-01-16,EQ,603.0,606.1,600.6,600.1,603.2,603.0,603.22,629.55,425.0,5483191,3307558082.15,114056
236,2023-01-13,EQ,597.9,602.9,593.65,594.9,600.7,600.1,598.73,629.55,425.0,7877610,4716567188.3,122377
237,2023-01-12,EQ,597.9,597.9,590.1,596.7,594.95,594.9,593.57,629.55,425.0,8183715,4857601333.75,195861
238,2023-01-11,EQ,596.45,599.5,592.25,595.15,597.0,596.7,596.73,629.55,425.0,7419630,4427502701.85,120446
239,2023-01-10,EQ,608.45,609.0,590.6,607.7,595.5,595.15,596.1,629.55,425.0,10622660,6332208142.65,187602
240,2023-01-09,EQ,605.0,609.0,600.1,600.65,608.45,607.7,606.07,629.55,425.0,8878905,5381251510.2,160223
241,2023-01-06,EQ,607.4,607.45,597.0,605.1,601.0,600.65,601.57,629.55,425.0,7972036,4795747048.6,154179
242,2023-01-05,EQ,607.0,611.6,601.95,605.2,605.75,605.1,605.84,629.55,425.0,8241475,4992982082.0,146571
243,2023-01-04,EQ,611.85,614.95,604.0,612.4,605.6,605.2,607.74,629.55,425.0,7011191,4260969479.35,113548
244,2023-01-03,EQ,614.5,616.6,610.0,612.2,612.95,612.4,613.26,629.55,425.0,6818062,4181258078.2,122799
245,2023-01-02,EQ,614.95,619.2,611.2,613.7,612.6,612.2,614.42,629.55,425.0,6726084,4132615299.65,125418
